{
  "camera_matrix": [
    [
      5424.41488174009,
      0.0,
      1295.5
    ],
    [
      0.0,
      5424.353912207276,
      971.5
    ],
    [
      0.0,
      0.0,
      1.0
    ]
  ],
  "dist_coefs": [
    [
      0.5105927043861829,
      -19.486798541190097,
      -0.0029107517261258726,
      2.0621986170368024e-05,
      171.20994410890623
    ]
  ],
  "resolution": [
    2592,
    1944
  ],
  "camera_model": "Brown",
  "k1": 0.5105927043861829,
  "k2": -19.486798541190097,
  "k3": 171.20994410890623,
  "p1": -0.0029107517261258726,
  "p2": 2.0621986170368024e-05,
  "fx": 5424.41488174009,
  "fy": 5424.353912207276,
  "up": 1295.5,
  "vp": 971.5,
  "skew": 0.0,
  "RMS_reproj_err_pix": 0.3368208777081644
}